Index, Torque, Thrust,Voltage,Current,RPM,Mech. Power,Elec. Power,Motor Eff,Prop Eff,System Eff
1,-0.02153,-34.4659,12,0.55392,0,0,6.64706,0, INF, NAN
2,-0.00025,-22.62159,12,0.43691,0,0,5.24297,0, INF, NAN
3,0.00363,-12.99555,12,-0.05036,0,0,-0.60432,0,#NAME?, NAN
4,-0.00569,-15.31584,12,0.15107,0,0,1.81282,0, INF, NAN
5,0.00001,-4.90126,12,0.19254,4546,0.00535,2.31045,0.23168,-91565.477,-212.13478
6,-0.00048,-20.00985,12,0.2192,4546,-0.22902,2.63034,-8.707,8737.0068,-760.7312
7,-0.01232,-3.61725,12,0.1955,4546,-5.86653,2.34602,-250.06291,61.65915,-154.18665
8,-0.01297,9.00589,12,0.18957,4546,-6.17362,2.2749,-271.38016,-145.877,395.88123
9,0.00026,-10.03083,12,0.17477,4298,0.11775,2.09719,5.61482,-8518.5107,-478.29938
10,-0.00749,-13.23357,12,0.17921,4298,-3.37105,2.15049,-156.75725,392.5658,-615.37537
11,0.00071,-2.6425,12,0.12885,4298,0.32033,1.54622,20.71711,-824.92517,-170.90065
12,0.0006,9.26496,12,0.10812,2839,0.17691,1.2974,13.63576,5237.0928,714.11768
13,-0.01246,5.12957,12,0.06961,2839,-3.70445,0.83531,-443.48157,-138.47058,614.09149
14,0.00116,-2.75585,12,0.1096,2548,0.30831,1.3152,23.4422,-893.85394,-209.53906
15,-0.01635,-23.84407,12,0.11108,2548,-4.36367,1.33296,-327.36639,546.42249,-1788.8036
16,-0.02375,3.47153,12,-0.06073,2548,-6.33819,-0.72871,869.77716,-54.77158,-476.39075
17,-0.00652,-5.86468,12,0.05036,4117,-2.81218,0.60429,-465.36667,208.54541,-970.50085
18,0.00004,-9.34754,12,-0.16588,324,0.00122,-1.99061,-0.06132,-765743,469.58054
19,-0.00011,-0.591,12,-0.16292,324,-0.0037,-1.95509,0.18946,15955.435,30.22883
20,-0.00007,-0.48737,12,-0.16885,0,0,-2.02618,0, INF, NAN
21,-0.00006,-4.9126,12,-0.15404,0,0,-1.84844,0, INF, NAN
22,-0.00011,1.07838,12,-0.16292,0,0,-1.95507,0,#NAME?, NAN
23,-0.00013,-9.40907,12,-0.16737,0,0,-2.00841,0, INF, NAN
24,-0.0001,-3.37761,12,-0.18514,0,0,-2.22169,0, INF, NAN
25,-0.00008,0.31088,12,-0.18366,0,0,-2.20391,0,#NAME?, NAN
26,-0.00006,0.12468,12,-0.16737,0,0,-2.00841,0,#NAME?, NAN
27,-0.00005,-3.80346,12,-0.16885,0,0,-2.02619,0, INF, NAN
28,-0.00006,-3.5962,12,-0.157,0,0,-1.88401,0, INF, NAN
29,-0.00006,-8.92169,12,-0.15996,0,0,-1.91955,0, INF, NAN
30,-0.00011,-1.70014,12,-0.16737,0,0,-2.0084,0, INF, NAN
31,-0.0026,-5.24291,12,0.35842,0,0,4.30102,0, INF, NAN
32,-0.00019,-2.71537,12,0.10515,0,0,1.26183,0, INF, NAN
33,-0.00012,-3.96861,12,0.11552,2876,-0.03474,1.38622,-2.50625,11423.018,-286.28979
34,-0.01264,-6.65322,12,0.11552,2876,-3.8065,1.38625,-274.59042,174.78581,-479.94513
35,0.00002,-7.38833,12,0.10663,2876,0.00652,1.27961,0.50925,-113380.97,-577.38904
36,-0.00014,-6.07193,12,0.11848,3355,-0.04951,1.42179,-3.48242,12263.378,-427.06219
37,-0.00714,10.32066,12,0.12293,3355,-2.50933,1.47511,-170.11055,-411.29227,699.65155
38,-0.00001,-4.05119,12,0.12293,3355,-0.00216,1.4751,-0.14627,187760.13,-274.63788
39,-0.00016,-1.42002,12,0.0859,3288,-0.0545,1.03081,-5.28667,2605.7605,-137.75801
40,-0.00016,-3.96861,12,0.12589,3288,-0.05646,1.51067,-3.73728,7029.3281,-262.70532
41,-0.01313,-4.19692,12,0.12737,3288,-4.52074,1.52843,-295.77634,92.83694,-274.58972
42,-0.00679,0.83874,12,0.09775,3288,-2.33671,1.17297,-199.21281,-35.89384,71.50512
43,0.00006,-4.95308,12,0.12441,3655,0.02237,1.49289,1.49812,-22146.178,-331.77704
44,-0.00022,-4.99518,12,0.15995,3655,-0.08349,1.91944,-4.34976,5982.8823,-260.24088
45,-0.00015,1.32611,12,0.11256,3655,-0.05626,1.35068,-4.16545,-2357.0247,98.18067
46,-0.00014,-3.12988,12,0.1096,2954,-0.04244,1.31516,-3.22661,7375.686,-237.98447
47,-0.00013,4.37341,12,0.13033,2954,-0.04057,1.56398,-2.59395,-10780.229,279.6337
48,-0.00014,-1.8232,12,0.14514,2954,-0.04397,1.7417,-2.52436,4146.772,-104.67931
49,-0.00664,5.38864,12,0.14514,2954,-2.05499,1.7417,-117.98738,-262.22266,309.38965
50,-0.00261,2.91129,12,0.89161,2954,-0.8061,10.69933,-7.53414,-361.15625,27.21
51,-0.00025,-9.08847,12,0.34213,3872,-0.10311,4.10552,-2.51142,8814.6279,-221.37209
52,-0.0002,-0.62177,12,0.35397,3872,-0.08278,4.2477,-1.94874,751.13605,-14.63771
53,0.00003,-6.63217,12,0.33324,3872,0.01055,3.99886,0.26383,-62861.965,-165.85135
54,-0.00168,-3.74031,12,0.35249,3872,-0.67933,4.22991,-16.0602,550.58582,-88.4252
55,-0.00022,5.77238,12,0.31695,3872,-0.08921,3.80336,-2.34559,-6470.4614,151.77046
56,-0.00018,0.5489,12,0.34805,4694,-0.08824,4.17662,-2.11268,-622.06598,13.14227
57,-0.00028,-7.38833,12,0.36434,4694,-0.13624,4.37212,-3.11608,5423.0688,-168.98735
58,-0.00013,0.02105,12,0.31991,4694,-0.06226,3.83891,-1.62184,-33.80832,0.54832
59,-0.00022,2.24904,12,0.3125,4694,-0.10914,3.75005,-2.91023,-2060.7871,59.97367
60,-0.00023,-2.0515,12,0.34509,4733,-0.11372,4.14106,-2.74607,1804.0499,-49.54051
61,-0.00023,-11.29541,12,0.31547,4733,-0.11255,3.7856,-2.97319,10035.628,-298.37866
62,-0.00026,-3.44076,12,0.34509,4733,-0.12873,4.14108,-3.10866,2672.8125,-83.08853
63,-0.00019,0.52785,12,0.3125,4733,-0.09559,3.75005,-2.54915,-552.17957,14.07589
64,-0.00188,-6.99487,12,0.35249,4733,-0.93279,4.22993,-22.05208,749.88916,-165.3662
65,-0.00026,-6.59007,12,0.39397,4773,-0.12957,4.72759,-2.74063,5086.2764,-139.39584
66,-0.00025,-1.4605,12,0.34657,4773,-0.1257,4.15882,-3.02245,1161.9133,-35.11821
67,-0.0006,-1.28563,12,0.32732,4773,-0.30155,3.92781,-7.67731,426.34039,-32.73146
68,-0.00024,-1.97864,12,0.32287,4773,-0.12173,3.87448,-3.14195,1625.3777,-51.06857
69,-0.00023,-9.62766,12,0.33324,4773,-0.11611,3.99889,-2.90366,8291.5488,-240.75807
70,-0.00166,-4.13539,12,0.35398,4715,-0.81855,4.2477,-19.27032,505.21155,-97.35591
71,-0.00021,-0.3206,12,0.3288,4715,-0.10525,3.94559,-2.66755,304.60385,-8.12547
72,-0.00027,0.42423,12,0.31991,4715,-0.13512,3.83891,-3.51978,-313.9592,11.05068
73,-0.00122,-2.49678,12,0.35842,4715,-0.60114,4.30101,-13.97673,415.3403,-58.05098
74,-0.00026,3.16064,12,0.30954,4715,-0.12857,3.71449,-3.46127,-2458.3284,85.08945
75,-0.0022,-5.01623,12,0.3525,4813,-1.11081,4.22995,-26.26067,451.58093,-118.58817
76,-0.00088,-6.71475,12,0.34953,4813,-0.44403,4.1944,-10.58616,1512.2428,-160.08847
77,0.00006,0.53919,12,0.37471,4813,0.03133,4.49654,0.69682,1720.847,11.99116
78,-0.00023,1.02656,12,0.33472,4813,-0.11395,4.01668,-2.83704,-900.85138,25.55748
79,-0.00004,-0.3627,12,0.35101,4813,-0.02053,4.21216,-0.48738,1766.7142,-8.6107
80,-0.00028,-9.34754,12,0.34805,4677,-0.13951,4.17661,-3.34038,6700.0361,-223.80663
81,-0.00024,-5.87601,12,0.32435,4677,-0.11517,3.89224,-2.95885,5102.2227,-150.96716
82,-0.00226,-0.65253,12,0.31991,4677,-1.10478,3.83893,-28.77842,59.06406,-16.9977
83,-0.00024,-9.20181,12,0.3525,4677,-0.11537,4.22995,-2.72748,7975.8335,-217.53957
84,-0.00027,0.51814,12,0.34509,4677,-0.13303,4.14106,-3.21258,-389.47519,12.51221
85,-0.00028,-2.12437,12,0.30214,4691,-0.13845,3.62565,-3.81852,1534.4351,-58.59274
86,-0.00023,6.16584,12,0.37323,4691,-0.11417,4.47874,-2.54912,-5400.6572,137.66927
87,-0.00025,2.95339,12,0.36286,4691,-0.12127,4.35436,-2.7851,-2435.3154,67.82603
88,-0.00021,1.8232,12,0.31991,4691,-0.10524,3.83893,-2.74151,-1732.3408,47.49234
89,-0.00136,1.01523,12,0.32435,4691,-0.66709,3.89226,-17.13901,-152.18649,26.08325
90,-0.00219,-3.79212,12,0.33769,4701,-1.07627,4.05222,-26.5599,352.34079,-93.58137
91,-0.00114,9.26496,12,0.34064,4701,-0.56333,4.08773,-13.78111,-1644.6628,226.65276
92,-0.00029,-1.98997,12,0.33028,4701,-0.14467,3.96332,-3.65034,1375.4823,-50.20974
93,-0.00224,-4.88021,12,0.3599,4701,-1.10484,4.3188,-25.58213,441.71194,-112.99931
94,-0.00165,-9.87539,12,0.33028,4701,-0.81277,3.96334,-20.50723,1215.027,-249.16832
95,-0.00025,-9.29572,12,0.35546,4764,-0.12316,4.26547,-2.8873,7547.877,-217.92961
96,-0.00241,-5.83391,12,0.33176,4764,-1.20476,3.98111,-30.26199,484.23752,-146.53992
97,0.00391,1973.8685,12,0.37619,4764,1.94937,4.5143,43.18201,101256.99,43724.805
98,-0.00014,11.77145,12,0.35249,4764,-0.07186,4.22993,-1.69888,-16380.809,278.28986
99,-0.00028,13.00527,12,0.32732,4764,-0.13746,3.92779,-3.49964,-9461.2227,331.1091
100,-0.00139,96.17616,12,0.35398,4763,-0.69129,4.24771,-16.2743,-13912.663,2264.189
101,-0.00031,16.53832,12,0.38063,4763,-0.15228,4.56762,-3.33398,-10860.232,362.07767
102,-0.00109,2.11465,12,0.33472,4763,-0.54537,4.01668,-13.57754,-387.74918,52.6468
103,-0.00002,0.33193,12,0.35546,4763,-0.01093,4.26547,-0.25617,-3037.7278,7.78184
104,-0.0003,-6.44596,12,0.32583,4763,-0.14731,3.91002,-3.76751,4375.772,-164.85768
105,0.00037,9.23257,12,0.34657,4747,0.18226,4.15883,4.38249,5065.5981,221.99939
106,-0.00176,-2.73642,12,0.37027,4747,-0.87599,4.44321,-19.71528,312.37949,-61.5865
107,0.00001,2.7769,12,0.31398,4747,0.00703,3.76781,0.18652,39512.832,73.7005
108,-0.00014,14.40424,12,0.33176,4747,-0.07035,3.9811,-1.76712,-20474.881,361.81543
109,-0.00029,5.72057,12,0.33176,4747,-0.14504,3.98112,-3.6431,-3944.2346,143.69228
110,-0.00027,5.77238,12,0.34657,4733,-0.13366,4.15883,-3.21394,-4318.6343,138.79829
111,0.00001,2.14542,12,0.36582,4733,0.0038,4.3899,0.08658,56446.25,48.87167
112,-0.00224,6.74551,12,0.31695,4733,-1.10952,3.80337,-29.17194,-607.96838,177.35619
113,-0.00002,-2.71537,12,0.33472,4733,-0.00769,4.01665,-0.19142,35316.887,-67.60284
114,-0.00029,8.67396,12,0.34065,4733,-0.14137,4.08776,-3.45841,-6135.5894,212.19363
115,-0.00025,3.87632,12,0.37767,4682,-0.12254,4.53208,-2.70378,-3163.3828,85.53078
116,0.04248,-1.06704,12,0.35101,4682,20.82814,4.21216,494.4761,-5.12307,-25.33237
117,-0.00138,0.92293,12,0.34361,4682,-0.67565,4.12331,-16.38603,-136.60016,22.38334
118,-0.00035,8.36307,12,0.31547,4682,-0.17271,3.78561,-4.56226,-4842.2788,220.91757
119,-0.00298,1.99969,12,0.3362,4682,-1.46296,4.03444,-36.26189,-136.68762,49.56552
120,-0.00028,1.94788,12,0.34805,4742,-0.13699,4.17663,-3.27993,-1421.9045,46.6375
121,-0.00031,3.3679,12,0.32139,4742,-0.15347,3.85669,-3.97944,-2194.4304,87.32606
122,-0.00028,11.07844,12,0.3288,4742,-0.13818,3.94556,-3.50221,-8017.3066,280.78271
123,-0.00026,6.13508,12,0.33472,4742,-0.12779,4.01666,-3.18155,-4800.8335,152.74088
124,-0.00029,1.01523,12,0.39693,4742,-0.1462,4.76312,-3.06944,-694.40472,21.31432
125,-0.00248,-1.39897,12,0.3362,4699,-1.21805,4.03442,-30.19154,114.85316,-34.67594
126,-0.0015,5.40969,12,0.35101,4699,-0.73946,4.21216,-17.55533,-731.57434,128.43027
127,-0.00023,-0.19754,12,0.35249,4699,-0.11399,4.22994,-2.6949,173.29198,-4.67005
128,-0.00027,-1.182,12,0.33916,4699,-0.13144,4.06997,-3.2294,899.302,-29.04204
129,-0.00025,-0.61205,12,0.32583,4699,-0.123,3.91001,-3.14578,497.60156,-15.65345
130,-0.0012,1.04599,12,0.32584,4730,-0.59441,3.91003,-15.20205,-175.9727,26.75146
131,-0.00021,0.0421,12,0.34361,4730,-0.10525,4.12327,-2.55255,-39.99933,1.021
132,-0.00025,3.42943,12,0.33324,4730,-0.12279,3.99891,-3.07064,-2792.8723,85.75894
133,-0.00026,-2.6425,12,0.35249,4730,-0.12762,4.22994,-3.01696,2070.677,-62.47149
134,-0.00116,5.37892,12,0.36879,4730,-0.57636,4.42542,-13.02373,-933.26501,121.5459
135,-0.00034,11.92689,12,0.35397,4716,-0.16886,4.2477,-3.97537,-7063.1182,280.78488
136,-0.00028,2.55993,12,0.40729,4716,-0.13688,4.88753,-2.80064,-1870.1661,52.37667
137,-0.00028,2.87081,12,0.33324,4716,-0.13661,3.99887,-3.4163,-2101.4067,71.79043
138,-0.00027,7.66845,12,0.33324,4716,-0.13302,3.99887,-3.32637,-5765.0015,191.76508
139,-0.00174,3.64802,12,0.35398,4716,-0.86059,4.24771,-20.25998,-423.89957,85.88198
140,-0.00024,-2.80766,12,0.31398,4737,-0.11678,3.76781,-3.09943,2404.2205,-74.51701
141,0.00318,856.03711,12,0.34213,4737,1.57916,4.10552,38.46445,54208.23,20850.9
142,0.00039,282.27197,12,0.34953,4737,0.19128,4.19437,4.56049,147567.03,6729.7754
143,-0.00031,-4.95308,12,0.33324,4737,-0.15188,3.99887,-3.79817,3261.0955,-123.86179
144,-0.00249,-3.08778,12,0.34065,4737,-1.23548,4.08777,-30.22383,249.92525,-75.53698
145,-0.00007,7.2847,12,0.32287,4707,-0.03332,3.87448,-0.85996,-21863.496,188.01758
146,-0.00028,15.60567,12,0.35694,4707,-0.13774,4.28326,-3.21575,-11329.905,364.34097
147,0.00002,3.66907,12,0.34361,4707,0.00855,4.12331,0.20735,42913.734,88.98358
148,-0.00021,0.97475,12,0.35101,4707,-0.10357,4.21218,-2.45873,-941.18402,23.14119
149,-0.00032,2.72508,12,0.33472,4707,-0.15723,4.01666,-3.91441,-1733.198,67.84452
150,-0.00031,7.61663,12,0.31102,4742,-0.15635,3.73229,-4.18923,-4871.3887,204.07391
151,-0.00038,10.82909,12,0.37619,4742,-0.18933,4.51429,-4.19394,-5719.7935,239.8847
152,-0.0003,1.38926,12,0.33176,4742,-0.14937,3.98108,-3.75212,-930.04907,34.89652
153,-0.0003,-0.02105,12,0.35101,4742,-0.14935,4.21214,-3.5457,14.09402,-0.49973
154,-0.00029,4.88021,12,0.31991,4742,-0.1452,3.83894,-3.78241,-3360.9268,127.12408
155,-0.0023,6.12375,12,0.35842,4703,-1.13272,4.30106,-26.33583,-540.62292,142.37753
156,-0.00032,9.56451,12,0.31991,4703,-0.15854,3.83892,-4.12993,-6032.6895,249.14574
157,-0.00037,-0.53919,12,0.35694,4703,-0.18208,4.28325,-4.25106,296.121,-12.58827
158,-0.00033,10.47611,12,0.36879,4703,-0.16451,4.42543,-3.71739,-6368.0527,236.72514
159,-0.00223,16.16591,12,0.35101,4703,-1.09743,4.21218,-26.05385,-1473.0646,383.79007
160,-0.00028,4.40417,12,0.32732,4718,-0.13655,3.92782,-3.47657,-3225.2397,112.12775
161,-0.0003,4.53857,12,0.37175,4718,-0.14747,4.46098,-3.30568,-3077.7156,101.73933
162,-0.00028,9.35725,12,0.34509,4718,-0.13779,4.14104,-3.32742,-6790.9526,225.96356
163,-0.0003,4.39446,12,0.33176,4718,-0.15055,3.98111,-3.78165,-2918.9004,110.38268
164,-0.00258,1.34716,12,0.34805,4718,-1.27493,4.17661,-30.52536,-105.66566,32.25483
165,-0.00037,1.33744,12,0.34213,4741,-0.18147,4.10552,-4.42008,-737.01813,32.57676
166,-0.00029,3.42943,12,0.35249,4741,-0.14337,4.22992,-3.38949,-2391.9692,81.07547
167,-0.00145,2.28952,12,0.34953,4741,-0.71831,4.19439,-17.12556,-318.73618,54.58535
168,-0.00028,10.00978,12,0.32583,4741,-0.14037,3.91002,-3.58992,-7131.1724,256.00354
169,-0.00033,2.24904,12,0.36434,4741,-0.16495,4.37212,-3.77271,-1363.4918,51.4406
170,-0.00029,4.24873,12,0.3288,4678,-0.14345,3.94559,-3.63563,-2961.8848,107.68321
171,-0.00027,15.85503,12,0.31547,4678,-0.1338,3.78561,-3.5344,-11849.94,418.82382
172,-0.00116,11.87508,12,0.34509,4678,-0.56647,4.14108,-13.67941,-2096.3113,286.76294
173,-0.00031,7.71054,12,0.31102,4678,-0.1521,3.73228,-4.07521,-5069.4453,206.59045
174,-0.00242,8.09267,12,0.35398,4678,-1.18763,4.24771,-27.95931,-681.41229,190.5182
175,-0.00033,7.95828,12,0.35249,4696,-0.16219,4.22993,-3.83438,-4906.7168,188.1423
176,-0.00035,-1.56413,12,0.34065,4696,-0.1715,4.08776,-4.19542,912.0376,-38.26378
177,-0.00029,0.37241,12,0.34805,4696,-0.14297,4.17659,-3.42322,-260.47577,8.91665
178,-0.00002,6.62245,12,0.32436,4696,-0.008,3.89227,-0.20566,-82731.844,170.14362
179,-0.00255,-2.28952,12,0.32732,4696,-1.25236,3.9278,-31.88457,182.81631,-58.2902
180,-0.0003,8.41489,12,0.32732,4682,-0.1483,3.9278,-3.7757,-5674.1597,214.23917
181,-0.00142,8.74682,12,0.34213,4682,-0.69399,4.10554,-16.90364,-1260.3754,213.04926
182,-0.00029,4.06253,12,0.29325,4682,-0.14279,3.519,-4.05774,-2845.0654,115.44546
183,-0.00151,8.02143,12,0.33768,4682,-0.74258,4.0522,-18.32548,-1080.2032,197.95245
184,-0.00031,9.11923,12,0.36879,4682,-0.15144,4.42545,-3.42193,-6021.8433,206.06352
185,-0.0003,20.40493,12,0.34805,4766,-0.14852,4.17661,-3.55595,-13738.998,488.55203
186,-0.00033,10.73518,12,0.3362,4766,-0.16438,4.03442,-4.07452,-6530.5703,266.08966
187,-0.00027,8.45537,12,0.34065,4766,-0.13379,4.08774,-3.27292,-6319.9507,206.8468
188,-0.00029,3.9168,12,0.36138,4766,-0.14439,4.33657,-3.3296,-2712.6445,90.32032
189,-0.00028,8.34202,12,0.3288,4766,-0.13876,3.94556,-3.5168,-6011.9438,211.42802
190,-0.00167,15.09887,12,0.33472,4727,-0.8257,4.01664,-20.55693,-1828.6215,375.90836
191,-0.00028,10.43563,12,0.34953,4727,-0.14072,4.1944,-3.35484,-7416.1255,248.7989
192,-0.00029,21.27443,12,0.33916,4727,-0.14263,4.06995,-3.50451,-14915.614,522.71912
193,-0.00028,18.2077,12,0.28733,4727,-0.13775,3.4479,-3.99531,-13217.488,528.08014
194,-0.00027,13.8861,12,0.34213,4727,-0.13302,4.1055,-3.23997,-10439.349,338.23132
195,-0.0003,5.59589,12,0.30214,4697,-0.14843,3.62564,-4.09387,-3770.0789,154.34209
196,-0.00032,6.34234,12,0.31991,4697,-0.15682,3.83893,-4.085,-4044.3347,165.21094
197,-0.00031,2.63279,12,0.35842,4697,-0.15338,4.30102,-3.56621,-1716.4763,61.21312
198,-0.00032,-6.00069,12,0.35102,4697,-0.15572,4.21218,-3.6969,3853.51,-142.46034
199,-0.00184,16.43469,12,0.33472,4697,-0.90525,4.01665,-22.53746,-1815.4858,409.16446
200,-0.00257,11.73097,12,0.37471,4749,-1.27681,4.49652,-28.39551,-918.77179,260.88995
201,0.00531,18.15589,12,-0.12145,4749,2.64293,-1.45743,-181.3412,686.96112,-1245.7435
202,0.00165,15.41947,12,-0.12145,2819,0.48807,-1.45743,-33.48864,3159.2437,-1057.9875
203,-0.00012,13.56551,12,-0.15108,2819,-0.03446,-1.8129,1.90093,-39363.668,-748.27466
204,-0.00013,16.9334,12,-0.16144,0,0,-1.93732,0,#NAME?, NAN
205,-0.00018,17.43049,12,-0.17477,0,0,-2.09727,0,#NAME?, NAN
206,-0.00012,16.86054,12,-0.15404,0,0,-1.84843,0,#NAME?, NAN
207,-0.00013,20.49722,12,-0.157,0,0,-1.884,0,#NAME?, NAN
208,-0.00011,19.6682,12,-0.16737,0,0,-2.00842,0,#NAME?, NAN
209,-0.00011,19.20188,12,-0.16292,0,0,-1.95509,0,#NAME?, NAN
210,-0.00012,16.05257,12,-0.14515,0,0,-1.74181,0,#NAME?, NAN
211,-0.0001,15.58624,12,-0.15996,0,0,-1.91955,0,#NAME?, NAN
212,-0.00015,16.29059,12,-0.15552,0,0,-1.86621,0,#NAME?, NAN
213,-0.00013,8.89093,12,-0.15108,0,0,-1.8129,0,#NAME?, NAN
214,-0.00014,12.68467,12,-0.14959,0,0,-1.79513,0,#NAME?, NAN
215,-0.00013,13.45054,12,-0.16292,0,0,-1.95507,0,#NAME?, NAN
216,-0.00011,9.00589,12,-0.16292,0,0,-1.95509,0,#NAME?, NAN
217,-0.00013,16.37317,12,-0.16441,0,0,-1.97286,0,#NAME?, NAN
218,-0.00018,13.59627,12,-0.16144,0,0,-1.93733,0,#NAME?, NAN
219,-0.00862,9.04637,12,-0.16144,0,0,-1.93731,0,#NAME?, NAN
220,-0.00014,13.49264,12,-0.15996,0,0,-1.91955,0,#NAME?, NAN
221,-0.00014,16.01047,12,-0.16144,0,0,-1.9373,0,#NAME?, NAN
222,-0.00015,6.02012,12,-0.15256,0,0,-1.83068,0,#NAME?, NAN
223,-0.00015,12.55999,12,-0.15996,0,0,-1.91953,0,#NAME?, NAN
224,-0.00012,17.12932,12,-0.157,0,0,-1.884,0,#NAME?, NAN
225,-0.00011,21.19185,12,-0.15848,0,0,-1.90176,0,#NAME?, NAN
226,-0.00469,-47.50356,12,-0.15404,0,0,-1.84844,0, INF, NAN
227,-0.00015,0.56024,12,-0.15996,0,0,-1.91955,0,#NAME?, NAN
228,-0.00014,21.5335,12,-0.15256,0,0,-1.83067,0,#NAME?, NAN
229,-0.00014,31.07858,12,-0.16292,0,0,-1.95509,0,#NAME?, NAN
230,-0.00016,25.27543,12,-0.15404,0,0,-1.84847,0,#NAME?, NAN
231,-0.00011,15.46157,12,-0.15108,0,0,-1.8129,0,#NAME?, NAN
232,-0.00297,6.46701,12,0.34361,0,0,4.12328,0,#NAME?, NAN
233,-0.00051,-10.8809,12,0.17477,0,0,2.09719,0, INF, NAN
234,0.00002,6.76656,12,0.1718,0,0,2.06163,0, INF, NAN
235,-0.00023,20.2592,12,0.21327,3291,-0.07948,2.55927,-3.10549,-25490.383,791.60236
236,-0.00024,2.55993,12,0.15255,3291,-0.08428,1.83057,-4.60394,-3037.4622,139.84283
237,-0.01254,24.96454,12,0.13922,3291,-4.32328,1.67062,-258.78314,-577.44415,1494.3281
238,-0.00295,17.09856,12,0.08294,3792,-1.17151,0.99524,-117.71213,-1459.5282,1718.0417
239,0.00113,24.8091,12,0.02666,3792,0.4468,0.31987,139.68134,5552.6689,7756.042
240,-0.00536,13.18176,12,0.04443,3792,-2.12976,0.53316,-399.46268,-618.93036,2472.3958
241,-0.01174,12.25883,12,0.01185,3792,-4.6622,0.14214,-3279.9724,-262.94098,8624.3916
242,-0.0026,20.89068,12,0.13181,2800,-0.76302,1.58176,-48.23859,-2737.895,1320.7219
243,0,19.96937,12,0.09923,2800,-0.00018,1.19074,-0.01508,-11122494,1677.0547
244,-0.02084,6.32129,12,0.08738,2800,-6.11074,1.04858,-582.7652,-103.44554,602.8446
245,-0.0204,12.4256,12,0.13922,2800,-5.98112,1.67063,-358.01559,-207.74704,743.76678
246,0.00067,10.8809,12,0.14514,2917,0.20321,1.74172,11.66736,5354.4331,624.72089
247,-0.00016,15.66882,12,0.12885,2917,-0.0499,1.54623,-3.22747,-31397.871,1013.3575
248,-0.00785,24.89168,12,0.13774,2917,-2.39716,1.65288,-145.02934,-1038.3843,1505.9619
249,-0.00412,30.61225,12,0.05628,2398,-1.03415,0.67534,-153.1311,-2960.1257,4532.873
250,-0.00369,35.74182,12,0.0933,2398,-0.92608,1.11966,-82.71159,-3859.4531,3192.2153
251,-0.00009,30.61225,12,0.07405,2071,-0.01864,0.88862,-2.09775,-164220.28,3444.9338
252,-0.017,5.26396,12,0.08886,2071,-3.68656,1.06635,-345.71808,-142.78783,493.64331
253,0.00072,10.76756,12,0.08146,2071,0.15645,0.97747,16.00509,6882.6206,1101.5696
254,0.00077,29.55493,12,0.09479,3546,0.28751,1.13743,25.27702,10279.637,2598.386
255,0.00134,37.30595,12,0.05184,3546,0.49932,0.62203,80.27194,7471.3906,5997.4307
256,0.00356,40.17676,12,-0.05036,1417,0.52876,-0.6043,-87.49963,7598.2998,-6648.4839
257,-0.00013,26.82984,12,-0.0474,1417,-0.01996,-0.56876,3.51023,-134385.7,-4717.2529
258,-0.00011,31.38946,12,-0.05184,0,0,-0.62208,0,#NAME?, NAN
259,-0.00013,40.42449,12,-0.04443,0,0,-0.5332,0,#NAME?, NAN
260,-0.00016,37.5553,12,-0.05184,0,0,-0.62208,0,#NAME?, NAN
261,-0.00016,32.30106,12,-0.05628,0,0,-0.6754,0,#NAME?, NAN
262,-0.00075,23.92827,12,-0.01778,369,-0.02901,-0.2133,13.60096,-82480.133,-11218.091
263,-0.0006,25.80328,12,-0.00444,265,-0.01654,-0.05331,31.02709,-155993.48,-48400.238
264,-0.00018,-6.82971,12,-0.01037,265,-0.00498,-0.12441,3.99937,137264.84,5489.7349
265,0.00236,16.072,12,0.04592,3895,0.96123,0.55098,174.45706,1672.0309,2916.9758
266,-0.00017,15.32717,12,0.06073,232,-0.00425,0.72871,-0.58301,-360772.75,2103.3345
267,-0.00018,31.06724,12,0.05036,240,-0.00445,0.60432,-0.7365,-698012.19,5140.8877
268,-0.00027,29.27481,12,0.0548,233,-0.00665,0.65761,-1.01196,-439906.25,4451.6851
269,-0.00014,22.23784,12,0.06221,231,-0.00336,0.74649,-0.44986,-662211.19,2979.0002
270,-0.00013,28.42474,12,0.05332,232,-0.00308,0.63984,-0.48196,-921748.5,4442.4419
271,-0.00024,28.88135,12,0.0548,237,-0.00594,0.65761,-0.90381,-485933.22,4391.8911
272,-0.00017,20.14586,12,0.05036,232,-0.00406,0.60431,-0.67103,-496809.13,3333.7224
273,-0.00025,12.69438,12,0.05924,242,-0.00622,0.71092,-0.87435,-204221.64,1785.6173
274,-0.00019,3.75164,12,0.05184,241,-0.0049,0.62208,-0.78729,-76601.555,603.07715
275,-0.00015,18.10407,12,0.05036,231,-0.00374,0.6043,-0.61883,-484122.59,2995.8772
276,-0.00018,22.09374,12,0.06221,241,-0.00465,0.74649,-0.62337,-474788.78,2959.6733
277,-0.00019,18.25951,12,0.06369,234,-0.0046,0.76425,-0.60161,-397135.44,2389.1956
278,-0.00017,21.58531,12,0.0474,232,-0.00417,0.56875,-0.73399,-517065.44,3795.2302
279,-0.00019,17.07751,12,0.05184,231,-0.00455,0.62207,-0.73064,-375737.09,2745.2871
280,-0.00007,28.4555,12,0.0548,236,-0.00165,0.65761,-0.25158,-1719972.3,4327.0967
281,-0.00016,15.47128,12,0.0474,238,-0.00402,0.56874,-0.70641,-385081.81,2720.26
282,-0.0002,14.23908,12,0.05036,232,-0.00481,0.6043,-0.79673,-295746.5,2356.2959
283,-0.0002,21.74076,12,0.06517,231,-0.00494,0.78204,-0.63212,-439794.66,2780.0134
284,-0.00018,19.05777,12,0.05776,231,-0.00433,0.69316,-0.62516,-439793.72,2749.3926
285,-0.00016,26.61125,12,0.05332,231,-0.00391,0.63986,-0.61063,-681088.19,4158.9419
286,-0.00018,23.27412,12,0.05776,232,-0.0044,0.69317,-0.63419,-529441.44,3357.6421
287,-0.00038,11.06711,12,0.05332,241,-0.00968,0.63984,-1.51211,-114386.71,1729.6547
288,-0.0002,8.80835,12,0.04888,233,-0.0048,0.58651,-0.81893,-183388.77,1501.8248
289,-0.00013,21.61608,12,0.0548,231,-0.00311,0.65761,-0.47351,-694190.56,3287.0859
290,-0.00022,17.05646,12,0.04888,235,-0.00542,0.58652,-0.92392,-314755,2908.0725
291,-0.00022,12.10338,12,0.05776,231,-0.00534,0.69316,-0.77033,-226672.45,1746.1238
292,-0.00021,16.61119,12,0.05184,236,-0.00526,0.62207,-0.84564,-315777.19,2670.3232
293,-0.00021,14.19699,12,0.05925,229,-0.00502,0.71095,-0.70642,-282678.94,1996.9119
294,-0.00025,5.59589,12,0.06073,231,-0.00605,0.7287,-0.83006,-92514.18,767.92542
295,-0.00019,22.37385,12,0.06369,231,-0.00464,0.76423,-0.60726,-482108.97,2927.6526
296,-0.0003,14.77665,12,0.05776,231,-0.00725,0.69317,-1.04642,-203718.91,2131.7544
297,-0.00014,25.79357,12,0.05184,239,-0.0034,0.62206,-0.54713,-757855.31,4146.4702
298,-0.00017,14.2909,12,0.06221,231,-0.00405,0.74646,-0.54317,-352465.91,1914.48
299,-0.00026,20.46646,12,0.05925,231,-0.00634,0.71095,-0.89168,-322847.44,2878.7598
300,-0.00023,16.77796,12,0.0474,238,-0.00578,0.56875,-1.01614,-290308.25,2949.9497
301,-0.00019,14.89162,12,0.06073,231,-0.00464,0.72873,-0.63679,-320904.16,2043.4993
302,-0.0002,26.37323,12,0.07109,232,-0.00478,0.85311,-0.55994,-552093.44,3091.4177
303,-0.00019,16.01047,12,0.05628,239,-0.00481,0.67537,-0.71276,-332597,2370.6111
304,-0.00023,13.07813,12,0.06517,231,-0.00552,0.78201,-0.70568,-236986.28,1672.376
305,-0.00009,25.01636,12,0.06813,231,-0.00227,0.81758,-0.27707,-1104331.3,3059.7944
306,-0.00031,24.68443,12,0.05184,237,-0.00769,0.62208,-1.23604,-321029.09,3968.0601
307,-0.00017,31.59671,12,0.07109,234,-0.00424,0.85312,-0.49739,-744618.75,3703.679
308,-0.00019,25.97977,12,0.06369,231,-0.00449,0.76425,-0.58756,-578556.25,3399.3909
309,-0.00017,22.34147,12,0.06073,231,-0.00416,0.72873,-0.57071,-537197.75,3065.8281
310,-0.00033,21.25338,12,0.06221,231,-0.00798,0.74647,-1.06867,-266422.31,2847.1865
311,-0.00022,24.50794,12,0.04888,236,-0.00536,0.58653,-0.91462,-456851.31,4178.4438
312,-0.0002,29.76218,12,0.04147,231,-0.00489,0.49766,-0.98233,-608803.06,5980.4507
313,-0.00018,22.66369,12,0.0548,231,-0.00445,0.6576,-0.67624,-509641.53,3446.4221
314,-0.00015,21.54483,12,0.0548,232,-0.00376,0.65763,-0.57218,-572571.69,3276.1382
315,-0.00019,16.88159,12,0.0548,236,-0.00462,0.65762,-0.70267,-365334.97,2567.0833
316,-0.00016,17.69928,12,0.06073,231,-0.00378,0.7287,-0.51843,-468506.38,2428.875
317,-0.00034,17.11961,12,0.05332,235,-0.00836,0.63984,-1.30598,-204873.11,2675.6116
318,-0.00016,20.6219,12,0.05184,233,-0.00392,0.62207,-0.62973,-526427.69,3315.0635
319,-0.00015,26.89137,12,0.05628,237,-0.00385,0.67538,-0.56938,-699301.31,3981.6716
320,-0.00015,16.61119,12,0.05776,231,-0.00358,0.69316,-0.51671,-463790.84,2396.4333
321,-0.00012,23.08791,12,0.05776,233,-0.00293,0.69316,-0.42302,-787384.69,3330.833
322,-0.00017,28.41502,12,0.05036,231,-0.00415,0.6043,-0.68748,-683969.19,4702.1421
323,-0.00015,18.53963,12,0.05776,231,-0.00364,0.69316,-0.52443,-510013.56,2674.6431
324,-0.00022,15.36765,12,0.06517,231,-0.00536,0.78203,-0.68526,-286766.19,1965.1071
325,-0.00017,14.68436,12,0.06073,231,-0.00411,0.72871,-0.56395,-357319.19,2015.1061
326,-0.00015,25.86481,12,0.0548,232,-0.00358,0.65761,-0.54407,-722915.19,3933.1428
327,-0.0002,24.39459,12,0.05184,232,-0.00475,0.62206,-0.76424,-513140.63,3921.613
328,-0.00032,21.29548,12,0.05036,231,-0.0077,0.6043,-1.27345,-276728.53,3523.9934
329,-0.00019,23.47166,12,0.05036,231,-0.00457,0.6043,-0.75645,-513463.13,3884.1101
330,-0.00024,33.9591,12,0.05184,232,-0.00591,0.62207,-0.95059,-574281.69,5459.0796
331,-0.0002,31.5449,12,0.05925,232,-0.00482,0.71095,-0.67757,-654840.5,4436.9897
332,-0.00015,8.77759,12,0.06221,231,-0.0036,0.7465,-0.4822,-243843.81,1175.8258
333,-0.00024,16.60147,12,0.06517,233,-0.00595,0.78202,-0.76066,-279084.5,2122.8943
334,-0.00019,23.79226,12,0.0548,231,-0.00455,0.65761,-0.69206,-522785.94,3617.979
335,-0.00019,25.4503,12,0.07109,231,-0.00455,0.85311,-0.53278,-559933.56,2983.2334
336,-0.00017,22.92276,12,0.06665,231,-0.00404,0.79979,-0.50469,-567892.44,2866.1057
337,-0.00027,30.19774,12,0.06517,236,-0.00667,0.78202,-0.85251,-452954.22,3861.5022
338,-0.00017,26.64202,12,0.05776,231,-0.00404,0.69316,-0.58274,-659571.25,3843.575
339,-0.00027,31.53357,12,0.06665,242,-0.00692,0.7998,-0.86494,-455834.53,3942.6865
340,-0.00022,25.78223,12,0.06517,236,-0.00544,0.78201,-0.69528,-474185.97,3296.8977
341,-0.00022,30.06173,12,0.0548,231,-0.00544,0.65761,-0.82654,-553078.13,4571.3882
342,-0.00028,28.67409,12,0.06072,235,-0.00701,0.72869,-0.96237,-408887.88,3935.0132
343,-0.00018,24.97426,12,0.05332,231,-0.00435,0.63984,-0.67994,-574050.56,3903.2087
344,-0.00017,21.11899,12,0.07109,231,-0.00407,0.85311,-0.47716,-518803.94,2475.5259
345,-0.0002,26.55944,12,0.05924,232,-0.00485,0.71093,-0.68186,-547894.94,3735.8735
346,-0.00018,26.74565,12,0.06221,234,-0.00448,0.74648,-0.60002,-597135.63,3582.925
347,-0.0002,22.74627,12,0.05628,231,-0.00476,0.67539,-0.70459,-477988.81,3367.8696
348,-0.00021,27.02576,12,0.04443,240,-0.00524,0.5332,-0.98286,-515693.56,5068.5674
349,-0.00027,27.75116,12,0.06369,234,-0.0066,0.76425,-0.86381,-420366.53,3631.1719
350,-0.00038,22.60054,12,0.06221,235,-0.00935,0.74649,-1.25253,-241718.55,3027.5881
351,-0.00018,23.82464,12,0.06961,232,-0.00432,0.83536,-0.5166,-552077.69,2852.0354
352,-0.00016,26.32142,12,0.0548,232,-0.00396,0.65762,-0.60288,-663904.94,4002.5422
353,-0.00017,22.15526,12,0.04443,231,-0.00413,0.53321,-0.77399,-536837.19,4155.0815
354,-0.00018,28.52836,12,0.06517,230,-0.00424,0.782,-0.54192,-673187.5,3648.1394
355,-0.00021,32.25896,12,0.06517,230,-0.00515,0.78203,-0.65862,-626319.69,4125.0479
356,-0.00023,39.26516,12,0.06961,230,-0.00553,0.83533,-0.66254,-709471.5,4700.5405
357,-0.00018,18204.318,12,0.06369,234,-0.00434,0.76423,-0.56771,-419588160,2382044.8
358,-0.00014,27.43056,12,0.06369,230,-0.00343,0.76423,-0.4483,-800654.63,3589.3032
359,-0.00018,27.14073,12,0.07257,231,-0.00446,0.8709,-0.512,-608670.31,3116.416
360,-0.00014,20.41464,12,0.05184,234,-0.00349,0.62207,-0.56036,-585645,3281.7463
361,-0.00016,27.60705,12,0.05036,232,-0.00382,0.60428,-0.63186,-723029.75,4568.5679
362,-0.00026,32.53908,12,0.0548,231,-0.00618,0.65761,-0.94043,-526155.06,4948.1108
363,-0.00025,18.08302,12,0.06517,231,-0.00609,0.78202,-0.77833,-297088.84,2312.3462
364,-0.00023,28.07338,12,0.05628,235,-0.00568,0.67537,-0.84135,-494055.13,4156.7212
365,-0.00017,28.35187,12,0.04295,230,-0.00421,0.51544,-0.81609,-674005.88,5500.4985
366,-0.00025,25.06817,12,0.07109,237,-0.00615,0.85312,-0.72135,-407350.72,2938.4211
367,-0.00023,28.24825,12,0.05776,233,-0.00559,0.69316,-0.80678,-505130.34,4075.2678
368,-0.00018,29.14042,12,0.07257,231,-0.00432,0.8709,-0.49659,-673799.44,3346.0291
369,-0.00013,29.89657,12,0.05628,236,-0.0032,0.67538,-0.47322,-935426.44,4426.6377
370,-0.00017,28.30006,12,0.06813,235,-0.00421,0.81758,-0.5148,-672377.38,3461.4287
371,-0.00019,27.24435,12,0.06369,230,-0.00469,0.76424,-0.61388,-580721.06,3564.9116
372,-0.00016,27.9487,12,0.06517,234,-0.00403,0.78204,-0.515,-693952.94,3573.8296
373,-0.00022,31.14982,12,0.04295,231,-0.00529,0.51542,-1.02721,-588345.19,6043.5244
374,-0.00014,34.15502,12,0.05332,231,-0.00338,0.63984,-0.52875,-1009556,5338.0161
375,-0.00011,33.84414,12,0.07257,237,-0.00268,0.87088,-0.30756,-1263563,3886.1819
376,-0.00016,31.78292,12,0.0548,234,-0.00393,0.65761,-0.59814,-808031.56,4833.1235
377,-0.0002,17.35763,12,0.07554,231,-0.00474,0.90643,-0.52318,-366017.25,1914.9457
378,-0.00019,28.47655,12,0.06665,235,-0.00474,0.79981,-0.59314,-600270.13,3560.4126
379,-0.00017,26.93347,12,0.06072,231,-0.00413,0.72869,-0.56676,-652163.81,3696.1729
380,-0.00022,24.09343,12,0.06369,230,-0.00537,0.76427,-0.70231,-448874.69,3152.4958
381,-0.00017,26.82984,12,0.0474,231,-0.00415,0.56874,-0.7299,-646305,4717.3955
382,-0.00038,18.66269,12,0.06073,237,-0.00951,0.72871,-1.30511,-196234.19,2561.0645
383,-0.00021,37.82409,12,0.06813,229,-0.00505,0.81757,-0.61723,-749550.56,4626.4263
384,-0.00038,31.17087,12,0.05332,235,-0.00945,0.63984,-1.47662,-329918.47,4871.6294
385,-0.0002,35.25444,12,0.06221,231,-0.00482,0.74646,-0.646,-731094.5,4722.8604
386,-0.00017,31.1822,12,0.06665,231,-0.00419,0.7998,-0.52334,-744968.88,3898.7273
387,-0.00018,30.42443,12,0.04295,238,-0.00437,0.51544,-0.84717,-696744.94,5902.5913
388,-0.00029,26.15626,12,0.05777,231,-0.00705,0.69319,-1.01706,-371006.28,3773.3403
389,-0.00019,31.23402,12,0.05776,230,-0.00454,0.69317,-0.65499,-687942.13,4505.9771
390,-0.00022,28.83925,12,0.06073,231,-0.0053,0.72871,-0.72692,-544433.56,3957.5847
391,-0.0002,30.13459,12,0.06517,235,-0.00481,0.78202,-0.61481,-626762.31,3853.4268
392,-0.00024,24.01085,12,0.05925,229,-0.00586,0.71094,-0.82368,-410029.34,3377.3318
393,-0.00017,23.92827,12,0.05776,233,-0.00416,0.69316,-0.5995,-575819.63,3452.0413
394,-0.00017,23.09925,12,0.07109,231,-0.00419,0.85312,-0.49084,-551634.44,2707.6296
395,-0.0002,35.72077,12,0.05925,234,-0.00492,0.71094,-0.69167,-726422.38,5024.4326
396,-0.0002,28.5397,12,0.0548,230,-0.00482,0.65761,-0.73222,-592700.94,4339.9004
397,-0.00026,24.83987,12,0.06221,229,-0.00623,0.74649,-0.835,-398511.5,3327.5703
398,-0.00021,32.34154,12,0.06073,231,-0.00511,0.72873,-0.70168,-632495.19,4438.0967
399,-0.0002,30.65273,12,0.0548,230,-0.00476,0.65763,-0.72309,-644607.88,4661.0972
400,-0.0003,29.35739,12,0.06517,233,-0.0074,0.782,-0.94628,-396728.41,3754.1526
401,-0.00019,26.27932,12,0.07257,229,-0.00453,0.87088,-0.51979,-580532.69,3017.5457
402,-0.00026,32.24924,12,0.06517,233,-0.00622,0.78203,-0.79592,-518115.13,4123.8057
403,-0.00024,33.98986,12,0.05776,229,-0.00568,0.69316,-0.81934,-598485.88,4903.6304
404,-0.00018,32.43545,12,0.06073,232,-0.00438,0.7287,-0.60041,-741349.56,4451.124
405,-0.00021,32.54879,12,0.06517,230,-0.00495,0.78201,-0.63312,-657409.19,4162.2012
406,-0.0002,43.90736,12,0.06517,238,-0.00509,0.78204,-0.65063,-862926.19,5614.4395
407,-0.00022,34.84965,12,0.06813,236,-0.0054,0.81756,-0.65993,-645923.5,4262.6406
408,-0.00022,34.39466,12,0.06665,231,-0.00535,0.79979,-0.66939,-642444.94,4300.4751
409,-0.0002,38.98504,12,0.06369,231,-0.00474,0.76425,-0.61984,-822962.63,5101.0605
410,-0.00017,28.01023,12,0.05332,228,-0.00408,0.63985,-0.63785,-686307.44,4377.6191
411,-0.00022,36.0106,12,0.05776,229,-0.00538,0.69316,-0.7763,-669213.31,5195.1147
412,-0.00021,39.79301,12,0.06665,230,-0.00507,0.7998,-0.63343,-785470.56,4975.3765
413,-0.00019,41.42029,12,0.06665,231,-0.0045,0.7998,-0.56273,-920306.31,5178.8374
414,-0.00022,37.76256,12,0.05776,230,-0.00532,0.69314,-0.76705,-710257.75,5448.042
415,-0.0002,30.48757,12,0.06665,234,-0.00501,0.7998,-0.62668,-608266.19,3811.9043
416,-0.00035,32.35287,12,0.06072,242,-0.00889,0.72869,-1.21934,-364118.88,4439.8608
417,-0.0002,31.77159,12,0.06221,230,-0.00471,0.74647,-0.6313,-674198.5,4256.2466
418,-0.00023,28.10414,12,0.0548,229,-0.00554,0.65761,-0.84298,-506973.28,4273.6665
419,-0.00021,29.26509,12,0.06369,230,-0.00496,0.76424,-0.64932,-589744.94,3829.324
420,-0.00034,33.58507,12,0.06369,237,-0.00847,0.76425,-1.10823,-396532.88,4394.4927
421,-0.00019,39.36879,12,0.05184,230,-0.00463,0.62206,-0.74385,-850815.81,6328.8262
422,-0.00013,30.94257,12,0.06369,230,-0.00323,0.76425,-0.42256,-958149.69,4048.73
423,-0.0002,36.97402,12,0.06517,231,-0.00493,0.78203,-0.63035,-750058.75,4727.9766
424,-0.0002,40.30143,12,0.0548,230,-0.00486,0.65763,-0.73899,-829277.38,6128.293
425,-0.00019,43.26454,12,0.04443,228,-0.00451,0.5332,-0.84622,-958862.13,8114.0811
426,-0.00025,37.46139,12,0.06369,236,-0.00629,0.76425,-0.82345,-595269.88,4901.7334
427,-0.00016,36.0527,12,0.05776,232,-0.00396,0.69316,-0.57113,-910685.5,5201.1875
428,-0.00031,37.19261,12,0.06369,236,-0.00769,0.76426,-1.00674,-483392.81,4866.4902
429,-0.0002,40.32087,12,0.06813,230,-0.00475,0.81758,-0.58057,-849456.38,4931.7148
430,-0.00035,33.62717,12,0.07109,247,-0.00898,0.85311,-1.05225,-374597.19,3941.7097
431,-0.00017,48.95434,12,0.06517,230,-0.00411,0.78201,-0.52604,-1190021.3,6260.0269
432,-0.00037,60.67398,12,0.05924,246,-0.00958,0.71093,-1.34725,-633471.5,8534.4541
433,-0.00023,48.64346,12,0.06961,231,-0.00564,0.83535,-0.67526,-862347.81,5823.1226
434,-0.00012,43.83449,12,0.06073,230,-0.00283,0.72871,-0.38791,-1550700.4,6015.3687
435,-0.00018,30.07306,12,0.06517,237,-0.00449,0.78202,-0.57467,-669177.31,3845.5593
436,-0.00021,27.38846,12,0.06073,230,-0.00511,0.7287,-0.70065,-536436.31,3758.5237
437,-0.00018,32.32211,12,0.07405,233,-0.00429,0.88866,-0.48253,-753774.5,3637.1868
438,-0.00016,32.49698,12,0.07554,230,-0.00391,0.90643,-0.43126,-831329.38,3585.1641
439,-0.00032,38.00058,12,0.06517,235,-0.00789,0.78204,-1.00901,-481573.38,4859.1387
440,-0.00026,33.03616,12,0.06221,230,-0.00631,0.74648,-0.84528,-523569.53,4425.6211
441,-0.00027,33.05722,12,0.07109,244,-0.00681,0.85312,-0.79838,-485337.63,3874.8491
442,-0.00025,25.80328,12,0.05628,231,-0.00615,0.67538,-0.9109,-419427.38,3820.564
443,-0.00021,21.93829,12,0.06961,230,-0.00497,0.83533,-0.59494,-441440.59,2626.3115
444,-0.00021,28.88135,12,0.07405,229,-0.00509,0.88866,-0.57324,-566952.06,3250.0002
445,-0.00018,29.61646,12,0.06073,229,-0.0042,0.72871,-0.57631,-705211.31,4064.208
446,-0.00027,26.30037,12,0.07702,244,-0.00695,0.9242,-0.75219,-378325.09,2845.7385
447,-0.00019,42.01129,12,0.06221,230,-0.00452,0.74646,-0.60557,-929377.31,5628.041
448,-0.0002,25.09894,12,0.05776,236,-0.00482,0.69316,-0.69589,-520330.75,3620.929
449,-0.00026,26.404,12,0.06369,232,-0.00622,0.76427,-0.81442,-424205.63,3454.8218
450,-0.00029,23.09925,12,0.06072,238,-0.00724,0.72869,-0.99366,-319020.31,3169.9644
451,-0.00023,31.36841,12,0.06073,230,-0.00544,0.72871,-0.74585,-577143.25,4304.626
452,-0.00015,27.34798,12,0.06369,231,-0.00363,0.76425,-0.47522,-753003.63,3578.4177
453,-0.00021,29.74113,12,0.0548,229,-0.00509,0.65761,-0.7745,-583936.19,4522.5967
454,-0.00021,30.76769,12,0.06369,230,-0.0051,0.76424,-0.66703,-603564.63,4025.9395
455,-0.00018,28.15595,12,0.05628,230,-0.00427,0.67539,-0.63157,-660078.31,4168.8423
456,-0.00021,23.96875,12,0.05628,230,-0.0051,0.67539,-0.75541,-469793.63,3548.8738
457,-0.00022,19.64715,12,0.05776,230,-0.00536,0.69316,-0.77394,-366237.38,2834.4438
458,-0.00026,33.79232,12,0.06665,230,-0.00624,0.79981,-0.78045,-541358.94,4225.042
459,-0.00021,27.72039,12,0.0548,230,-0.00508,0.65762,-0.77291,-545377.63,4215.2759
460,-0.0002,26.33114,12,0.05777,230,-0.00481,0.69318,-0.69425,-547148.88,3798.5996
461,-0.00025,30.38395,12,0.05332,234,-0.00623,0.63984,-0.97397,-487560.91,4748.6855
462,-0.00024,24.47717,12,0.05628,230,-0.00575,0.6754,-0.85187,-425429.56,3624.0908
463,-0.00022,36.3733,12,0.06813,229,-0.00527,0.81757,-0.64468,-690098.56,4448.9434
464,-0.00022,28.88135,12,0.07257,231,-0.00539,0.8709,-0.61884,-535886.44,3316.282
465,-0.00025,30.18641,12,0.06813,229,-0.0059,0.81758,-0.72161,-511653.28,3692.1514
466,-0.00022,34.68449,12,0.08146,234,-0.00532,0.97752,-0.54449,-651660.13,3548.2139
467,-0.0002,33.74051,12,0.05777,230,-0.00484,0.69318,-0.69814,-697206.13,4867.4951
468,-0.00019,34.90147,12,0.05184,231,-0.0045,0.62208,-0.72304,-775942.88,5610.4136
469,-0.00027,30.7256,12,0.05924,237,-0.00678,0.71093,-0.95301,-453497.03,4321.8887
470,-0.00022,34.68449,12,0.06369,230,-0.00529,0.76425,-0.69269,-655179.19,4538.3486
471,-0.00041,31.25345,12,0.06813,241,-0.01031,0.81757,-1.26095,-303164.13,3822.7437
472,-0.00018,34.94357,12,0.06961,237,-0.00458,0.83533,-0.54838,-762830.19,4183.1904
473,-0.0002,30.76769,12,0.06369,230,-0.00483,0.76427,-0.63155,-637447.38,4025.7888
474,-0.00021,37.36748,12,0.05036,230,-0.00501,0.6043,-0.82856,-746308.44,6183.6021
475,-0.00035,30.65273,12,0.06221,234,-0.00866,0.74646,-1.16044,-353866.53,4106.3921
476,-0.00041,43.57542,12,0.06665,236,-0.01016,0.7998,-1.2699,-429031.84,5448.2964
477,-0.00026,33.26447,12,0.07257,229,-0.00617,0.8709,-0.70807,-539436.19,3819.5713
478,-0.00021,36.736,12,0.05332,231,-0.00505,0.63983,-0.78876,-727916.69,5741.5449
479,-0.00021,39.3785,12,0.06369,229,-0.00509,0.76424,-0.66561,-774122.81,5152.6597
480,-0.00018,39.39955,12,0.05925,230,-0.00438,0.71095,-0.61617,-899400.31,5541.8398
481,-0.00017,34.65373,12,0.06517,248,-0.00451,0.78202,-0.57665,-768458.38,4431.3066
482,-0.00095,27.04681,12,0.08738,670,-0.06632,1.04859,-6.32468,-40782.164,2579.342
483,-0.0002,28.75667,12,0.10812,732,-0.01553,1.29742,-1.19699,-185169.58,2216.4561
484,-0.01863,42.9747,12,0.10219,732,-1.42771,1.22633,-116.42125,-3010.043,3504.3296
485,-0.00263,29.47235,12,0.63538,732,-0.20161,7.62459,-2.64421,-14618.469,386.54355
486,-0.00117,32.19743,12,0.66945,732,-0.08977,8.03336,-1.11742,-35867.949,400.79642
487,-0.00032,45.06831,12,0.49764,732,-0.02425,5.97169,-0.4061,-185842.09,754.69971
488,-0.00038,29.69903,12,0.46654,4004,-0.15826,5.59846,-2.82684,-18766.051,530.48615
489,-0.00041,34.79784,12,0.52134,4004,-0.17348,6.25608,-2.77302,-20058.434,556.22388
490,-0.00037,48.03141,12,0.5243,4004,-0.15319,6.29161,-2.4348,-31354.529,763.42041
491,-0.00353,54.78826,12,0.46061,4004,-1.48018,5.52735,-26.77925,-3701.45,991.22046
492,-0.00382,25.4503,12,0.50505,4004,-1.60273,6.06055,-26.44522,-1587.9382,419.93378
493,-0.00036,36.26967,12,0.47987,4569,-0.17374,5.75842,-3.01713,-20875.945,629.8551
494,-0.00264,31.24373,12,0.4458,4569,-1.26252,5.34964,-23.60007,-2474.7156,584.03448
495,-0.0004,31.87521,12,0.43988,4569,-0.19374,5.27854,-3.67039,-16452.311,603.86407
496,-0.00041,33.5964,12,0.45617,4569,-0.19601,5.47405,-3.58062,-17140.564,613.73914
497,-0.00042,36.67447,12,0.49172,4569,-0.19927,5.9006,-3.37719,-18404.008,621.53827
498,-0.0004,37.84514,12,0.50208,4438,-0.18404,6.025,-3.05452,-20564.086,628.13513
499,-0.00035,37.40958,12,0.51986,4438,-0.16184,6.23829,-2.59424,-23115.699,599.67633
500,-0.00389,38.52843,12,0.45024,4438,-1.80749,5.40292,-33.4539,-2131.6008,713.1037
501,-0.00038,22.34147,12,0.46654,4438,-0.17698,5.59847,-3.1612,-12623.808,399.06409
502,-0.00057,23.90722,12,0.50949,4438,-0.26503,6.11389,-4.33488,-9020.5938,391.03152
503,-0.00038,28.51865,12,0.47246,4458,-0.17868,5.66956,-3.15149,-15961.103,503.01312
504,-0.00041,29.16146,12,0.42063,4458,-0.19306,5.04751,-3.82486,-15104.843,577.73981
505,-0.00038,29.02545,12,0.51394,4458,-0.17612,6.16723,-2.8557,-16480.736,470.64023
506,-0.00039,26.49791,12,0.46654,4458,-0.18282,5.59848,-3.26558,-14493.771,473.30557
507,-0.00352,35.00509,12,0.47543,4458,-1.64558,5.70511,-28.84403,-2127.2129,613.57397
508,-0.00043,22.68474,12,0.44877,4379,-0.1974,5.38521,-3.66556,-11491.878,421.2413
509,-0.00041,26.19674,12,0.45321,4379,-0.1892,5.43851,-3.47896,-13845.771,481.68945
510,-0.00042,176.68512,12,0.45469,4379,-0.19278,5.45628,-3.53318,-91651.016,3238.1978
511,-0.00024,675.40283,12,0.44728,4379,-0.11041,5.36739,-2.05709,-611709.63,12583.442
512,-0.00278,2343.5293,12,0.49171,4379,-1.2758,5.90058,-21.62156,-183691.31,39716.938
513,-0.00045,22.90171,12,0.47246,4511,-0.21188,5.66957,-3.73716,-10808.759,403.94083
514,-0.00441,20.51827,12,0.49023,4511,-2.08392,5.88282,-35.42382,-984.60034,348.78302
515,-0.00046,26.61125,12,0.46654,4511,-0.21953,5.59845,-3.92121,-12122.104,475.33258
516,-0.00042,28.46684,12,0.48431,4511,-0.19727,5.81172,-3.39429,-14430.642,489.81805
517,-0.00042,27.17149,12,0.49024,4511,-0.19942,5.88284,-3.38992,-13625.032,461.87741
518,-0.00046,30.26898,12,0.46654,4463,-0.21315,5.59845,-3.80737,-14200.554,540.66724
519,-0.00036,21.64846,12,0.4932,4463,-0.16624,5.91837,-2.80882,-13022.704,365.78418
520,-0.0004,25.43087,12,0.52578,4463,-0.18623,6.30937,-2.9517,-13655.357,403.06485
521,-0.00044,30.44547,12,0.44877,4463,-0.20628,5.38518,-3.83057,-14759.064,565.35632
522,-0.00041,34.75735,12,0.48283,4463,-0.19296,5.79396,-3.33029,-18013.131,599.8894
523,-0.0004,30.5912,12,0.4384,4346,-0.18425,5.26078,-3.5024,-16602.771,581.49554
524,-0.00041,36.87039,12,0.51986,4346,-0.18469,6.23828,-2.96064,-19963.096,591.03491
525,-0.0004,31.71006,12,0.52875,4346,-0.1799,6.34494,-2.83535,-17626.371,499.76901
526,-0.00041,35.12006,12,0.49616,4346,-0.18864,5.95391,-3.16831,-18617.656,589.86499
527,-0.00384,23.3988,12,0.47394,4346,-1.74702,5.68733,-30.71779,-1339.353,411.41974
528,-0.0004,32.59089,12,0.4621,4502,-0.19004,5.54515,-3.42705,-17149.932,587.737
529,-0.00038,31.88655,12,0.47394,4502,-0.17776,5.68731,-3.1256,-17937.723,560.66162
530,-0.00087,40.95397,12,0.47838,4502,-0.4081,5.74062,-7.10895,-10035.336,713.40674
531,-0.00033,49.1616,12,0.48875,4502,-0.15578,5.86503,-2.65611,-31557.947,838.21503
532,-0.00039,39.61652,12,0.48579,4502,-0.18244,5.82951,-3.12967,-21714.316,679.58624
533,-0.00037,48.95434,12,0.44284,4410,-0.17303,5.3141,-3.25613,-28291.693,921.21533
534,-0.00037,37.43063,12,0.46802,4410,-0.17286,5.61623,-3.07783,-21653.939,666.47205
535,-0.00349,45.85523,12,0.4695,4410,-1.61335,5.634,-28.63601,-2842.2319,813.90173
536,-0.00104,36.71495,12,0.47987,4410,-0.48123,5.7584,-8.35696,-7629.4473,637.5896
537,-0.00034,40.99445,12,0.44284,4410,-0.15642,5.31411,-2.94345,-26208.238,771.42639
538,-0.0004,40.17676,12,0.45617,4589,-0.19296,5.47406,-3.52503,-20821.043,733.94757
539,-0.0004,40.21724,12,0.4621,4589,-0.18984,5.54516,-3.42344,-21185.338,725.26733
540,-0.00039,34.45619,12,0.47987,4589,-0.189,5.75841,-3.28209,-18231.182,598.36298
541,-0.00036,33.50249,12,0.43247,4589,-0.17329,5.18969,-3.33921,-19332.684,645.55872
542,-0.00037,46.0722,12,0.48727,4589,-0.17629,5.84727,-3.01486,-26134.762,787.92633
543,-0.00033,43.64828,12,0.45469,4414,-0.15265,5.45626,-2.79772,-28593.504,799.96674
544,-0.00035,44.10328,12,0.46802,4414,-0.16127,5.61621,-2.87152,-27347.377,785.28522
545,-0.00037,42.33189,12,0.45617,4414,-0.17101,5.47405,-3.12401,-24754.113,773.31976
546,-0.00037,39.87559,12,0.4695,4414,-0.17326,5.634,-3.07523,-23015.082,707.76758
547,-0.00037,34.22788,12,0.47394,4414,-0.17189,5.68731,-3.0224,-19912.271,601.82935
548,-0.00035,31.25345,12,0.46506,4476,-0.16213,5.58069,-2.90517,-19276.943,560.02795
549,-0.00036,34.17607,12,0.48283,4476,-0.16776,5.79397,-2.89534,-20372.596,589.85565
550,-0.00034,46.18716,12,0.45765,4476,-0.15884,5.49185,-2.89232,-29077.475,841.01221
551,-0.00422,45.02621,12,0.49616,4476,-1.97648,5.95391,-33.19629,-2278.1023,756.24536
552,-0.00042,37.79332,12,0.43099,4476,-0.19463,5.1719,-3.76328,-19417.719,730.74353
553,-0.00031,42.3416,12,0.48283,4465,-0.14521,5.79398,-2.50622,-29158.908,730.78571
554,-0.00423,34.04168,12,0.49616,4465,-1.98015,5.9539,-33.25805,-1719.1449,571.75397
555,-0.00083,29.55493,12,0.47691,4465,-0.38955,5.72286,-6.80697,-7586.8672,516.43591
556,-0.00515,29.52416,12,0.47839,4465,-2.40808,5.74065,-41.94777,-1226.0476,514.29962
557,-0.0004,32.68481,12,0.47543,4465,-0.18483,5.70511,-3.23964,-17684.168,572.90363
558,-0.00092,35.25444,12,0.46654,4559,-0.43709,5.59844,-7.80739,-8065.6699,629.71863
559,-0.00036,27.47104,12,0.47394,4559,-0.17188,5.68729,-3.0221,-15983.077,483.02512
560,-0.00042,35.89726,12,0.46358,4559,-0.19854,5.56293,-3.56893,-18080.904,645.29431
561,-0.00361,40.94263,12,0.47839,4559,-1.72338,5.74065,-30.02069,-2375.7119,713.20508
562,-0.0041,41.8348,12,0.48135,4559,-1.95961,5.77618,-33.92568,-2134.8567,724.26459
563,-0.00035,42.99575,12,0.45617,4435,-0.16335,5.47407,-2.98412,-26320.764,785.44397
564,-0.0004,36.93354,12,0.48727,4435,-0.18534,5.8473,-3.16966,-19927.506,631.63452
565,-0.00492,44.62141,12,0.47098,4435,-2.28719,5.65178,-40.46849,-1950.9258,789.51013
566,-0.00038,34.34285,12,0.51245,4435,-0.17661,6.14942,-2.87201,-19445.369,558.4729
567,-0.00086,34.61163,12,0.47691,4435,-0.40107,5.72286,-7.00829,-8629.7158,604.79553
568,-0.00031,37.03717,12,0.49616,4452,-0.14402,5.95391,-2.41884,-25717.432,622.06409
569,-0.00029,43.34712,12,0.44284,4452,-0.13742,5.3141,-2.58594,-31543.627,815.69952
570,-0.00017,33.56564,12,0.40433,4452,-0.07807,4.85198,-1.60908,-42993.055,691.7926
571,-0.00163,35.90697,12,0.45765,4452,-0.75805,5.49183,-13.80328,-4736.7422,653.82593
572,0.00515,49.32675,12,0.06813,4279,2.30577,0.81757,282.02707,2139.2717,6033.3257
573,0.00033,42.45657,12,0.08738,493,0.01696,1.04861,1.6172,250361,4048.8401
574,0.00004,38.93323,12,0.03259,390,0.00167,0.39103,0.42708,2331315.8,9956.5029
575,-0.00023,40.53945,12,0.04592,390,-0.00952,0.55098,-1.72716,-425998.34,7357.6787
576,-0.00025,39.29593,12,0.04592,0,0,0.55099,0,#NAME?, NAN
577,-0.00023,41.19199,12,0.03259,0,0,0.39103,0,#NAME?, NAN
578,-0.00025,39.09838,12,0.0311,0,0,0.37324,0,#NAME?, NAN
579,-0.00642,44.25872,12,0.15255,0,0,1.8306,0,#NAME?, NAN
580,-0.00305,22.4451,12,-0.0074,1632,-0.52088,-0.08885,586.23804,-4309.041,-25261.238
581,-0.00051,9.57584,12,-0.14663,1632,-0.08789,-1.75959,4.99507,-10894.909,-544.20795
582,0.00246,51.32645,12,0.05036,3919,1.00795,0.6043,166.79587,5092.1782,8493.543
583,-0.00002,153.86598,12,0.06073,180,-0.00045,0.7287,-0.06147,-34349396,21115.063
584,-0.00012,105.78277,12,0.04443,173,-0.00209,0.53321,-0.39104,-5073331.5,19838.9
585,-0.00015,85.8555,12,0.05628,175,-0.00279,0.6754,-0.41318,-3076553,12711.769
586,-0.00014,67.06813,12,0.01777,187,-0.00279,0.21329,-1.31042,-2399586.5,31444.682
587,-0.0002,27.25407,12,0.03703,187,-0.004,0.44435,-0.90033,-681257.44,6133.5313
588,-0.00022,39.0579,12,0.02666,0,0,0.31993,0,#NAME?, NAN
589,-0.00017,37.05659,12,0.02222,0,0,0.26662,0,#NAME?, NAN
590,-0.00122,32.87101,12,0.08294,592,-0.07554,0.99531,-7.58987,-43513.129,3302.5906
591,-0.00058,37.67836,12,0.06665,348,-0.02098,0.7998,-2.6231,-179595.92,4710.9795
592,-0.00007,34.55982,12,0.06073,251,-0.00181,0.72871,-0.24886,-1905747.3,4742.6143
593,-0.00011,34.2797,12,0.06369,193,-0.00231,0.76426,-0.30211,-1484660.3,4485.3491
594,-0.00017,42.76745,12,0.02518,182,-0.00321,0.30217,-1.06077,-1334257.5,14153.449
595,-0.00017,48.69527,12,0.02666,182,-0.00332,0.31994,-1.03666,-1468198.9,15220.28
596,-0.00017,51.22282,12,0.0311,0,0,0.37325,0,#NAME?, NAN
597,-0.00017,56.51916,12,0.03258,0,0,0.39102,0,#NAME?, NAN
598,0.00004,34.84965,12,0.04147,0,0,0.49768,0, INF, NAN
599,-0.00019,31.64853,12,0.02962,0,0,0.35549,0,#NAME?, NAN
600,-0.0002,34.58086,12,0.02666,0,0,0.31994,0,#NAME?, NAN
601,-0.0002,32.28972,12,0.03111,0,0,0.37327,0,#NAME?, NAN
602,-0.00017,36.91249,12,0.02518,0,0,0.30215,0,#NAME?, NAN
603,-0.0002,40.97501,12,0.03999,0,0,0.4799,0,#NAME?, NAN
604,-0.00017,43.89602,12,0.03999,0,0,0.4799,0,#NAME?, NAN
605,-0.00018,33.70003,12,0.03259,0,0,0.39104,0,#NAME?, NAN
606,-0.00016,43.08805,12,0.03407,0,0,0.40879,0,#NAME?, NAN
607,-0.0002,32.93254,12,0.03555,0,0,0.42658,0,#NAME?, NAN
608,-0.00018,34.51772,12,0.02518,0,0,0.30216,0,#NAME?, NAN
609,-0.00019,34.94357,12,0.03851,0,0,0.46214,0,#NAME?, NAN
610,-0.0002,43.74058,12,0.03999,0,0,0.47989,0,#NAME?, NAN
611,-0.00019,54.40451,12,0.0474,0,0,0.56877,0,#NAME?, NAN
612,-0.00021,41.23409,12,0.02962,0,0,0.35548,0,#NAME?, NAN
613,-0.00017,51.55475,12,0.0311,0,0,0.37325,0,#NAME?, NAN
614,0.00334,-421.06982,12,0.03703,0,0,0.44435,0,#NAME?, NAN
615,-0.00024,91.26518,12,0.03555,0,0,0.42658,0,#NAME?, NAN
616,-0.00015,70.12514,12,0.03999,0,0,0.4799,0,#NAME?, NAN
617,-0.00019,44.66351,12,0.03999,0,0,0.47991,0,#NAME?, NAN
618,-0.00018,25.22361,12,0.02666,0,0,0.31994,0,#NAME?, NAN
619,-0.01494,16.98522,12,0.1644,0,0,1.97278,0,#NAME?, NAN
620,0.00016,27.82402,12,-0.03703,1793,0.0306,-0.44436,-6.88734,90914.023,-6261.5581
621,-0.00102,27.78192,12,0.03554,1793,-0.19208,0.42652,-45.03514,-14463.389,6513.6079
622,0.00225,48.4362,12,0.10367,2760,0.64938,1.24409,52.19716,7458.8579,3893.3118
623,-0.00004,48.40382,12,0.11552,951,-0.00375,1.38627,-0.27057,-1290494.6,3491.6482
624,-0.00479,51.42036,12,0.13626,951,-0.47666,1.63511,-29.1514,-10787.703,3144.7666
625,-0.00063,31.95941,12,0.16736,1591,-0.1045,2.0083,-5.20356,-30582.273,1591.3657
626,0.0002,29.56464,12,0.12589,1591,0.03362,1.51069,2.22539,87940.82,1957.0306
627,-0.00022,16.65328,12,0.1333,1591,-0.03611,1.59954,-2.25763,-46115.949,1041.129
628,0.00136,45.91676,12,0.1407,2922,0.41497,1.68841,24.57783,11064.961,2719.5269
629,-0.03859,43.45074,12,0.16292,2922,-11.80882,1.95499,-604.03333,-367.95172,2222.551
630,0.00123,1305.8734,12,0.15107,2922,0.37522,1.81282,20.69796,348031,72035.305
631,-0.00945,232.89339,12,0.12441,3505,-3.47018,1.4929,-232.44504,-6711.2715,15600.018
632,-0.00123,2234.0872,12,0.04591,3505,-0.45253,0.55094,-82.13822,-493684.34,405503.56
633,0.00341,5248.5225,12,0.06665,3505,1.24988,0.79975,156.28401,419922.97,656272.5
634,0.00128,4286.8892,12,0.13626,2926,0.39295,1.6351,24.03215,1090948.9,262178.53
635,-0.02849,4989.6284,12,0.15848,2926,-8.72926,1.90172,-459.02036,-57159.781,262375.03
636,0.00427,3401.3699,12,0.15699,2709,1.21178,1.8839,64.32323,280691.13,180549.58
637,0.00209,2129.1123,12,0.15847,2709,0.59394,1.90168,31.23268,358469.97,111959.78
638,0.0046,2600.1113,12,0.1718,2709,1.3052,2.06164,63.30873,199211.84,126118.48
639,0.0031,110.83947,12,0.16144,2816,0.91508,1.93722,47.23658,12112.581,5721.5688
640,-0.0001,64.48715,12,0.1407,2816,-0.02819,1.68842,-1.66979,-228734.44,3819.3887
641,-0.00019,71.75243,12,0.12885,1435,-0.02873,1.54623,-1.858,-249756.81,4640.4805
642,-0.01552,54.87083,12,0.15699,1435,-2.33266,1.8839,-123.82121,-2352.281,2912.6228
643,-0.00518,54.9437,12,0.15107,1435,-0.77795,1.81282,-42.91374,-7062.6191,3030.834
644,-0.00006,49.83518,12,0.10219,2850,-0.01718,1.22631,-1.4009,-290088.22,4063.8362
645,0.00089,46.24869,12,0.1481,2850,0.26457,1.77726,14.88644,17480.695,2602.2527
646,0.00088,53.05735,12,0.13922,2759,0.25557,1.67065,15.29776,20760.184,3175.8425
647,-0.00024,51.91745,12,0.14514,2759,-0.07057,1.74172,-4.05194,-73565.07,2980.811
648,-0.00027,46.35232,12,0.13626,1417,-0.03939,1.63507,-2.40921,-117668.09,2834.875
649,-0.00029,44.72504,12,0.15255,1417,-0.04256,1.83059,-2.32503,-105082.71,2443.2017
650,-0.0002,50.51847,12,0.15996,1419,-0.0291,1.91947,-1.51604,-173603.44,2631.9028
651,-0.03088,76.52901,12,0.16588,1419,-4.58847,1.99055,-230.51324,-1667.8545,3844.6257
652,0.00063,70.30164,12,0.14959,2658,0.17612,1.79505,9.81167,39915.848,3916.4128
653,-0.0002,50.70468,12,0.15107,2658,-0.05498,1.81283,-3.03308,-92216.328,2796.9907
654,-0.02108,62.28992,12,0.14959,2658,-5.86637,1.79505,-326.80762,-1061.8146,3470.0908
655,0.00088,52.69465,12,0.16588,2713,0.24973,1.99055,12.54563,21100.943,2647.2471
656,-0.01643,67.1086,12,0.18365,2713,-4.66904,2.20381,-211.86211,-1437.3101,3045.1152
657,0.00154,53.61758,12,0.15255,2710,0.43731,1.83061,23.88905,12260.635,2928.9487
658,-0.00022,67.8761,12,0.16736,2710,-0.06124,2.00832,-3.04911,-110843.43,3379.739
659,0.00008,665.67316,12,0.17032,1432,0.01128,2.04387,0.55194,5900900,32569.268
660,-0.01831,2456.7424,12,0.17625,1432,-2.74626,2.11497,-129.84904,-89457.672,116159.93
661,0.00216,1179.1788,12,0.06665,1432,0.32436,0.79975,40.55699,363544.84,147442.84
662,0.00044,3068.2378,12,0.06813,3440,0.15741,0.81753,19.25433,1949199,375305.13
663,-0.02686,4426.8076,12,0.09331,3440,-9.6743,1.11967,-864.03394,-45758.414,395368.25
664,0.00093,4224.7339,12,0.1333,2615,0.25357,1.59956,15.85225,1666128.6,264118.84
665,-0.00026,77.8454,12,0.15107,2615,-0.07188,1.81282,-3.96498,-108302.03,4294.1504
666,-0.00035,62.89226,12,0.14811,1414,-0.05218,1.77727,-2.93572,-120539.27,3538.6941
667,-0.00033,63.87672,12,0.15699,1414,-0.04902,1.88392,-2.60186,-130315.37,3390.627
668,-0.02585,39.6991,12,0.14811,1414,-3.82698,1.77727,-215.3289,-1037.3473,2233.7085
669,-0.02055,74.49856,12,0.12441,1414,-3.04294,1.49293,-203.82372,-2448.2424,4990.0986
670,0.00085,63.30677,12,0.12293,3135,0.27777,1.47515,18.82991,22791.139,4291.5508
671,-0.00025,6.21766,12,0.15995,3135,-0.08089,1.91944,-4.21443,-7686.2334,323.93127
672,0.00119,57.23322,12,0.13329,3026,0.37556,1.59953,23.47903,15239.623,3578.116
673,-0.01459,63.52374,12,0.14218,3026,-4.62293,1.70618,-270.95178,-1374.1007,3723.1504
674,0.0004,46.59034,12,0.14366,2546,0.10631,1.72396,6.16647,43826.023,2702.5176
675,-0.00023,60.53959,12,0.15699,2546,-0.0606,1.88392,-3.21659,-99903.695,3213.489
676,-0.00387,55.32744,12,0.18217,2546,-1.03066,2.18604,-47.14718,-5368.1782,2530.9448
677,-0.00003,40.18647,12,0.0622,2546,-0.00776,0.74645,-1.0398,-517757.81,5383.6621
678,0.00122,67.49236,12,0.1333,1870,0.23862,1.59955,14.91794,28284.418,4219.4531
679,-0.00022,29.78323,12,0.15551,1870,-0.04304,1.86614,-2.30619,-69204.422,1595.9836
680,0.00116,60.78732,12,0.13477,3007,0.36375,1.61729,22.49125,16711.348,3758.5903
681,-0.00037,78.19676,12,0.1644,3007,-0.11536,1.97276,-5.8477,-67784.336,3963.8232
682,-0.00269,51.67295,12,0.15255,3007,-0.84619,1.83058,-46.22502,-6106.5723,2822.7642
